Country,Rice(ha),Rice(t),Rice(Kcal),Rice(%),Rice new(ha),Rice new(t),Rice new(Kcal),Corn(ha),Corn(t),Corn(Kcal),Corn(%),Corn new(ha),Corn new(t),Corn new(Kcal),Wheat(ha),Wheat(t),Wheat(Kcal),Wheat(%),Wheat new(ha),Wheat new(t),Wheat new(Kcal),Soya(ha),Soya(t),Soya(Kcal),Soya(%),Soya new(ha),Soya new(t),Soya new(Kcal),Roots and tubers(ha),Roots and tubers(t),Roots and tubers(Kcal),Roots and tubers(%),Roots and tubers new(ha),Roots and tubers new(t),Roots and tubers new(Kcal),sum(ha),sum(t),sum(Kcal),sum new(ha),sum new(t),sum new(Kcal),Calorie difference(%)
Angola,37646,52467,5.155E+11,5.00%,116144.2,161869.4613,1.5904E+12,2271102,2654698,1.42606E+13,95.00%,2206739.8,2579464.83,1.38564E+13,2579,2820,29948018798,0.00%,0,0,0,11557,26353,1.43883E+11,0.00%,0,0,0,0,0,0,0.00%,0,0,0,2322884,2736338,1.49499E+13,2322884,2741334.291,1.54468E+13,3.32%
Antigua and Barbuda,0,0,0,0.00%,0,0,0,47,75,295119351.5,100.00%,47,75,295119351.5,0,0,0,0.00%,0,0,0,0,0,0,0.00%,0,0,0,0,0,0,0.00%,0,0,0,47,75,295119351.5,47,75,295119351.5,0.00%
Argentina,132179,912435,1.80997E+12,2.00%,588220.64,4060502.044,8.05472E+12,7138620,43462323,4.48244E+13,15.00%,4411654.8,26859640.36,2.77014E+13,5822173,18518045,6.76086E+13,20.00%,5882206.4,18708987.66,6.83057E+13,16318060,37787927,2.03157E+14,60.00%,17646619.2,40864487.45,2.19697E+14,0,0,0,3.00%,882330.96,0,5.58679E+12,29411032,100680730,3.174E+14,29411032,90493617.52,3.29346E+14,3.76%
Armenia,0,0,0,0.00%,0,0,0,1383,7615,8684043896,2.00%,1355.22,7462.039262,8509609522,66378,187453,7.70799E+11,98.00%,66405.78,187531.4514,7.71121E+11,0,0,0,0.00%,0,0,0,0,0,0,0.00%,0,0,0,67761,195068,7.79483E+11,67761,194993.4906,7.79631E+11,0.02%
Australia,40788,423620,5.58525E+11,1.00%,110497.51,1147615.847,1.51308E+12,52783,387240,3.31432E+11,1.00%,110497.51,810659.7915,6.93829E+11,10919180,20941134,1.26796E+14,95.00%,10497263.45,20131969.67,1.21897E+14,37000,63000,4.60644E+11,1.00%,110497.51,188144.4089,1.37568E+12,0,0,0,2.00%,220995.02,0,1.39931E+12,11049751,21814994,1.28147E+14,11049751,22278389.71,1.26879E+14,-0.99%
Austria,0,0,0,0.00%,0,0,0,209903,2130339,1.31801E+12,40.00%,228072.4,2314743.136,1.4321E+12,292654,1370960,3.39837E+12,50.00%,285090.5,1335528.207,3.31055E+12,67624,184342,8.41907E+11,10.00%,57018.1,155430.4772,7.09866E+11,0,0,0,0.00%,0,0,0,570181,3685641,5.55829E+12,570181,3805701.82,5.45251E+12,-1.90%
azerbaijan,2691,7987,36848838595,1.00%,7122.81,21140.79653,97535219634,31715,247939,1.99143E+11,5.00%,35614.05,278420.6824,2.23625E+11,677834,1991683,7.87118E+12,94.00%,669544.14,1967324.863,7.77492E+12,41,69,510442961.5,0.00%,0,0,0,0,0,0,0.00%,0,0,0,712281,2247678,8.10769E+12,712281,2266886.342,8.09608E+12,-0.14%
Bangladesh,7944211,37630352,1.08783E+14,95.00%,8317593.9,39399002.15,1.13896E+14,400478,3288102,2.51466E+12,2.00%,175107.24,1437708.104,1.09952E+12,351228,1099373,4.07855E+12,3.00%,262660.86,822150.4483,3.05009E+12,59445,98699,7.4008E+11,0.00%,0,0,0,0,0,0,0.00%,0,0,0,8755362,42116526,1.16116E+14,8755362,41658860.7,1.18045E+14,1.66%
Belarus,0,0,0,0.00%,0,0,0,174601,1137932,1.09634E+12,20.00%,166892.4,1087692.525,1.04794E+12,659861,1814765,7.66248E+12,80.00%,667569.6,1835965.37,7.75199E+12,0,0,0,0.00%,0,0,0,0,0,0,0.00%,0,0,0,834462,2952697,8.75882E+12,834462,2923657.895,8.79993E+12,0.47%
Belize,1813,8921,24826066285,5.00%,1336.2,6574.870491,18297071026,18488,77766,1.16089E+11,70.00%,18706.8,78686.33756,1.17463E+11,0,0,0,0.00%,0,0,0,6401,11776,79691351140,25.00%,6681,12291.11951,83177303073,22,205,139300754.1,0.00%,0,0,0,26724,98668,2.20745E+11,26724,97552.32756,2.18937E+11,-0.82%
Bhutan,13803,59199,1.89009E+11,40.00%,18227.2,78173.73128,2.49592E+11,27343,92949,1.7169E+11,50.00%,22784,77451.26782,1.43064E+11,2130,4141,24734114013,5.00%,2278.4,4429.509108,26457373412,226,262,2813661203,0.00%,0,0,0,2066,35139,13081607180,5.00%,2278.4,38751.54773,14426492643,45568,191690,4.01329E+11,45568,198806.0559,4.33539E+11,8.03%
Bolivia,113241,360952,1.55065E+12,10.00%,215443.3,686718.5032,2.95014E+12,462187,1260926,2.90213E+12,20.00%,430886.6,1175533.1,2.7056E+12,199569,301689,2.31745E+12,10.00%,215443.3,325686.2225,2.50178E+12,1362925,2942131,1.69682E+13,60.00%,1292659.8,2790450.296,1.60934E+13,16511,47626,1.04545E+11,0.00%,0,0,0,2154433,4913324,2.3843E+13,2154433,4978388.122,2.42509E+13,1.71%
Bosnia and Herzegovina,0,0,0,0.00%,0,0,0,191617,1272339,1.20319E+12,70.00%,191650.9,1272564.096,1.2034E+12,73591,295810,8.54558E+11,30.00%,82136.1,330158.3039,9.53786E+11,8579,23332,1.06807E+11,0.00%,0,0,0,0,0,0,0.00%,0,0,0,273787,1591481,2.16455E+12,273787,1602722.4,2.15719E+12,-0.34%
Brazil,1241496,7836711,1.70003E+13,30.00%,16259876.1,102637422.8,2.22652E+14,16121147,82288298,1.01227E+14,15.00%,8129938.05,41498211.32,5.1049E+13,2065254,5418711,2.39823E+13,5.00%,2709979.35,7110309.392,3.1469E+13,34771690,117887672,4.32902E+14,40.00%,21679834.8,73501899.22,2.6991E+14,0,0,0,10.00%,5419958.7,0,3.43184E+13,54199587,213431392,5.75111E+14,54199587,224747842.8,6.09399E+14,5.96%
brunei,522,1047,7147935246,95.00%,993.7,1993.11092,13607094356,0,0,0,0.00%,0,0,0,0,0,0,0.00%,0,0,0,0,0,0,0.00%,0,0,0,524,588,3317890689,5.00%,52.3,58.68778626,331155883.6,1046,1635,10465825934,1046,2051.798706,13938250240,33.18%
Burundi,29220,37133,4.0012E+11,20.00%,47551,60428.17533,6.51133E+11,190003,290498,1.19305E+12,70.00%,166428.5,254454.6475,1.04503E+12,16145,22751,1.8748E+11,5.00%,11887.75,16751.82411,1.38044E+11,2387,4582,29717740224,5.00%,11887.75,22819.30059,1.48E+11,0,0,0,0.00%,0,0,0,237755,354964,1.81037E+12,237755,354453.9475,1.9822E+12,9.49%
Cambodia,1988780,7101691,2.72331E+13,95.00%,2109804.65,7533855.275,2.88903E+13,123439,604333,7.7509E+11,2.00%,44416.94,217456.5786,2.789E+11,0,0,0,3.00%,66625.41,0,7.73672E+11,105000,170000,1.30723E+12,0.00%,0,0,0,3628,42320,22971960721,0.00%,0,0,0,2220847,7918344,2.93384E+13,2220847,7751311.854,2.99429E+13,2.06%
Canada,0,0,0,0.00%,0,0,0,1430700,13884800,8.98356E+12,10.00%,1385130,13442547.72,8.69742E+12,9881000,31769200,1.14741E+14,60.00%,8310780,26720659.04,9.65069E+13,2539600,7266600,3.16176E+13,20.00%,2770260,7926591.32,3.44893E+13,0,0,0,10.00%,1385130,0,8.77044E+12,13851300,52920600,1.55342E+14,13851300,48089798.08,1.48464E+14,-4.43%
Chad,123945,173113,1.69722E+12,25.00%,116654.5,162930.4164,1.59739E+12,341872,437898,2.14666E+12,75.00%,349963.5,448262.264,2.19747E+12,801,1798,9301420340,0.00%,0,0,0,0,0,0,0.00%,0,0,0,0,0,0,0.00%,0,0,0,466618,612809,3.85319E+12,466618,611192.6804,3.79486E+12,-1.51%
Chile,19691,128603,2.69636E+11,5.00%,17258.2,112714.2499,2.36323E+11,89058,1110608,5.59207E+11,20.00%,69032.8,860881.4474,4.33466E+11,236415,1469003,2.74531E+12,70.00%,241614.8,1501312.802,2.80569E+12,0,0,0,0.00%,0,0,0,0,0,0,5.00%,17258.2,0,1.09276E+11,345164,2708214,3.57416E+12,345164,2474908.499,3.58476E+12,0.30%
China,20317458,142790557,2.78214E+14,28.00%,26522308.68,186398083.3,3.6318E+14,42158995,257348659,2.64722E+14,12.00%,11366703.72,69385097.05,7.13731E+13,24268794,131447224,2.81816E+14,24.00%,22733407.44,123131100,2.63986E+14,7973877,14193621,9.92734E+13,24.00%,22733407.44,40465807.19,2.83027E+14,3407,49676,21572621328,12.00%,11366703.72,165733012.6,7.19723E+13,94722531,545829737,9.24047E+14,94722531,585113100.2,1.05354E+15,14.01%
Colombia,424321,2216399,5.81038E+12,60.00%,520988.4,2721331.654,7.13408E+12,391389,1388246,2.45758E+12,40.00%,347325.6,1231954.334,2.1809E+12,6811,11139,79091103541,0.00%,0,0,0,28000,77000,3.48595E+11,0.00%,0,0,0,17793,140384,1.12663E+11,0.00%,0,0,0,868314,3833168,8.80831E+12,868314,3953285.988,9.31499E+12,5.75%
Costa rica,23222,105593,3.17987E+11,90.00%,24956.1,113478.1443,3.41733E+11,3302,5358,20733704226,5.00%,1386.45,2249.727165,8705706912,0,0,0,0.00%,0,0,0,0,0,0,0.00%,0,0,0,1205,10479,7629882213,5.00%,1386.45,12056.93739,8778796842,27729,121430,3.46351E+11,27729,127784.8089,3.59217E+11,3.71%
Croatia,0,0,0,0.00%,0,0,0,235352,2147275,1.47781E+12,50.00%,225447.5,2056909.568,1.41562E+12,138456,744405,1.60779E+12,30.00%,135268.5,727267.4911,1.57077E+12,77087,245188,9.5972E+11,20.00%,90179,286829.2793,1.12271E+12,0,0,0,0.00%,0,0,0,450895,3136868,4.04531E+12,450895,3071006.338,4.1091E+12,1.58%
Cuba,89189,307400,1.2213E+12,50.00%,116946.5,403069.3707,1.60139E+12,144704,345909,9.08616E+11,50.00%,116946.5,279555.8303,7.34323E+11,0,0,0,0.00%,0,0,0,0,0,0,0.00%,0,0,0,0,0,0,0.00%,0,0,0,233893,653309,2.12991E+12,233893,682625.201,2.33571E+12,9.66%
Cyprus,0,0,0,0.00%,0,0,0,0,0,0,0.00%,0,0,0,8485,18054,98530026949,100.00%,8485,18054,98530026949,0,0,0,0.00%,0,0,0,0,0,0,0.00%,0,0,0,8485,18054,98530026949,8485,18054,98530026949,0.00%
Democratic People's Republic of Korea,314157,1392696,4.30187E+12,80.00%,762419.2,3379896.581,1.04401E+13,508000,1876000,3.1898E+12,10.00%,95302.4,351943.5087,5.98417E+11,23867,35000,2.7715E+11,0.00%,0,0,0,107000,135000,1.33213E+12,10.00%,95302.4,120241.3458,1.1865E+12,0,0,0,0.00%,0,0,0,953024,3438696,9.10095E+12,953024,3852081.435,1.2225E+13,34.33%
Dominican,128467,418451,1.75915E+12,95.00%,146849.1,478326.362,2.01086E+12,26111,44590,1.63954E+11,5.00%,7728.9,13198.71514,48530807568,0,0,0,0.00%,0,0,0,0,0,0,0.00%,0,0,0,0,0,0,0.00%,0,0,0,154578,463041,1.9231E+12,154578,491525.0771,2.05939E+12,7.09%
Egypt,370283,3268300,5.07042E+12,20.00%,527539.2,4656320.618,7.22379E+12,935778,7300000,5.87588E+12,30.00%,791308.8,6172996.416,4.96873E+12,1315490,8800000,1.52758E+13,50.00%,1318848,8822463.417,1.53148E+13,15000,48000,1.86747E+11,0.00%,0,0,0,1145,5221,7249971066,0.00%,0,0,0,2637696,19421521,2.64161E+13,2637696,19651780.45,2.75073E+13,4.13%
Finland,0,0,0,0.00%,0,0,0,0,0,0,0.00%,0,#DIV/0!,0,177800,494700,2.06466E+12,100.00%,177800,494700,2.06466E+12,0,0,0,0.00%,0,0,0,0,0,0,0.00%,0,0,0,177800,494700,2.06466E+12,177800,#DIV/0!,2.06466E+12,0.00%
France,8926,48895,1.22227E+11,1.00%,68222.52,373710.5216,9.34196E+11,1421965,12667393,8.92871E+12,20.00%,1364450.4,12155031.56,8.56757E+12,5231615,35798234,6.07509E+13,70.00%,4775576.4,32677710.7,5.54552E+13,153747,400292,1.91412E+12,8.00%,545780.16,1420980.128,6.79487E+12,5999,35771,37984782902,1.00%,68222.52,406799.0937,4.31975E+11,6822252,48950585,7.17539E+13,6822252,47034232,7.21838E+13,0.60%
Gambia,35891,45997,4.91468E+11,50.00%,37637,48234.62955,5.15377E+11,39383,44479,2.47291E+11,50.00%,37637,42507.0747,2.36328E+11,0,0,0,0.00%,0,0,0,0,0,0,0.00%,0,0,0,0,0,0,0.00%,0,0,0,75274,90476,7.3876E+11,75274,90741.70425,7.51705E+11,1.75%
Georgia,0,0,0,0.00%,0,0,0,71400,194200,4.4833E+11,60.00%,69169.2,188132.4739,4.34323E+11,43300,107100,5.02811E+11,35.00%,40348.7,99800.13326,4.6854E+11,582,2000,7245800088,5.00%,5764.1,19807.90378,71762055477,0,0,0,0.00%,0,0,0,115282,303300,9.58387E+11,115282,307740.511,9.74624E+11,1.69%
Ghana,181695,513190,2.48802E+12,20.00%,291312.4,822799.8049,3.98905E+12,1184363,2306384,7.43678E+12,80.00%,1165249.6,2269163.283,7.31676E+12,0,0,0,0.00%,0,0,0,90469,152023,1.12632E+12,0.00%,0,0,0,35,190,221614836.1,0.00%,0,0,0,1456562,2971787,1.10513E+13,1456562,3091963.088,1.13058E+13,2.30%
Guam,0,0,0,90.00%,175.5,0,2403185126,21,56,131861837.9,5.00%,9.75,26,61221567.6,0,0,0,0.00%,0,0,0,0,0,0,0.00%,0,0,0,174,2356,1101742328,5.00%,9.75,132.0172414,61735561.48,195,2412,1233604166,195,158.0172414,2526142255,104.78%
Guatemala,7284,21009,99742452741,5.00%,45655.35,131682.2142,6.25175E+11,890229,1921936,5.58987E+12,90.00%,821796.3,1774195.06,5.16017E+12,594,1282,6897682499,0.00%,0,0,0,15000,38000,1.86747E+11,5.00%,45655.35,115660.22,5.68401E+11,0,0,0,0.00%,0,0,0,913107,1982227,5.88326E+12,913107,2021537.494,6.35375E+12,8.00%
Guinea-Bissau,79146,114216,1.08377E+12,90.00%,89572.5,129262.5358,1.22655E+12,6918,7254,43439056885,5.00%,4976.25,5217.94124,31246546230,0,0,0,0.00%,0,0,0,0,0,0,0.00%,0,0,0,13461,89483,85233065951,5.00%,4976.25,33079.99248,31508880799,99525,210953,1.21245E+12,99525,167560.4695,1.2893E+12,6.34%
Guyana,111496,643303,1.52676E+12,95.00%,111371.35,642583.8018,1.52505E+12,3125,4284,19622297306,3.00%,3516.99,4821.371251,22083655489,0,0,0,0.00%,0,0,0,0,0,0,0.00%,0,0,0,2612,13908,16538798623,2.00%,2344.66,12484.50662,14846041187,117233,661495,1.56292E+12,117233,659889.6797,1.56198E+12,-0.06%
Haiti,45266,122061,6.19844E+11,20.00%,66234,178601.7822,9.06966E+11,260000,312402,1.63258E+12,70.00%,231819,278541.2278,1.45562E+12,0,0,0,0.00%,0,0,0,0,0,0,0.00%,0,0,0,25904,64703,1.6402E+11,10.00%,33117,82719.62828,2.09692E+11,331170,499166,2.41644E+12,331170,539862.6383,2.57228E+12,6.45%
Honduras,9874,39819,1.35208E+11,5.00%,20189.45,81418.24079,2.76461E+11,390978,704747,2.455E+12,95.00%,383599.55,691447.1711,2.40867E+12,1248,2238,14492100605,0.00%,0,0,0,465,982,5789170173,0.00%,0,0,0,1224,6010,7750187410,0.00%,0,0,0,403789,753796,2.61824E+12,403789,772865.4119,2.68513E+12,2.55%
India,29681500,115110860,4.0644E+14,45.00%,35937675,139373571.9,4.92108E+14,9200000,27820000,5.7768E+13,10.00%,7986150,24149423.15,5.01461E+13,29580000,99700000,3.43491E+14,28.00%,22361220,75368953.14,2.59664E+14,11400000,13786000,1.41928E+14,10.00%,7986150,9657637.184,9.94262E+13,0,0,0,7.00%,5590305,0,3.5397E+13,79861500,256416860,9.49626E+14,79861500,248549585.4,9.36741E+14,-1.36%
Iran,386860,1327330,5.29741E+12,3.00%,220925.13,758001.7391,3.02521E+12,192311,1338258,1.20755E+12,1.00%,73641.71,512459.5449,4.62406E+11,6700000,14500000,7.78021E+13,95.00%,6995962.45,15140515.75,8.12389E+13,85000,210000,1.05824E+12,1.00%,73641.71,181938.3424,9.16827E+11,0,0,0,0.00%,0,0,0,7364171,17375588,8.53653E+13,7364171,16592915.38,8.56434E+13,0.33%
Jamaica,0,0,0,50.00%,1729,0,23675823832,1896,2177,11905240222,25.00%,864.5,992.6247363,5428312327,0,0,0,0.00%,0,0,0,0,0,0,0.00%,0,0,0,1562,26468,9890353541,25.00%,864.5,14648.90269,5473886451,3458,28645,21795593763,3458,15641.52743,34578022609,58.65%
Japan,980490,6488243,1.34262E+13,90.00%,1208431.8,7996613.089,1.65475E+13,62,165,389306378.6,0.00%,0,0,0,211900,764900,2.46064E+12,5.00%,67135.1,242339.0184,7.7959E+11,146600,211300,1.82514E+12,5.00%,67135.1,96764.30171,8.3582E+11,3650,55589,23111261475,0.00%,0,0,0,1342702,7520197,1.77355E+13,1342702,8335716.409,1.81629E+13,2.41%
Jordan,0,0,0,0.00%,0,0,0,1033,21914,6486346598,5.00%,954.1,20240.22014,5990922835,18049,20668,2.0959E+11,95.00%,18127.9,20758.34878,2.10506E+11,0,0,0,0.00%,0,0,0,0,0,0,0.00%,0,0,0,19082,42582,2.16076E+11,19082,40998.56892,2.16497E+11,0.19%
kazakhstan,67687,322124,9.26863E+11,1.00%,116957.52,556603.5453,1.60154E+12,150062,862094,9.4226E+11,2.00%,233915.04,1343822.903,1.46878E+12,11354380,13944108,1.3185E+14,96.00%,11227921.92,13788807.13,1.30382E+14,123623,255437,1.53909E+12,1.00%,116957.52,241664.3993,1.4561E+12,0,0,0,0.00%,0,0,0,11695752,15383763,1.35258E+14,11695752,15930897.97,1.34908E+14,-0.26%
Kenya,17319,73587,2.37155E+11,2.00%,45937.6,195185.0668,6.2904E+11,2141743,4013777,1.34483E+13,95.00%,2182036,4089288.916,1.37013E+13,133147,336600,1.54614E+12,3.00%,68906.4,174197.648,8.00159E+11,2304,2356,28684404472,0.00%,0,0,0,2367,18692,14987494770,0.00%,0,0,0,2296880,4445012,1.52753E+13,2296880,4458671.63,1.51305E+13,-0.95%
Kuwait,0,0,0,0.00%,0,0,0,504,8869,3164684110,100.00%,507,8921.791667,3183521515,3,9,34836780.3,0.00%,0,0,0,0,0,0,0.00%,0,0,0,0,0,0,0.00%,0,0,0,507,8878,3199520890,507,8921.791667,3183521515,-0.50%
Lebanon,0,0,0,0.00%,0,0,0,869,3288,5456568435,2.00%,821.7,3109.032911,5159565343,40216,135411,4.66999E+11,98.00%,40263.3,135570.2635,4.67548E+11,0,0,0,0.00%,0,0,0,0,0,0,0.00%,0,0,0,41085,138699,4.72455E+11,41085,138679.2964,4.72707E+11,0.05%
Liberia,158806,172083,2.17459E+12,98.00%,158854.08,172135.0997,2.17525E+12,0,0,0,0.00%,0,0,0,0,0,0,0.00%,0,0,0,3290,7720,40959935206,2.00%,3241.92,7607.180061,40361347460,0,0,0,0.00%,0,0,0,162096,179803,2.21555E+12,162096,179742.2798,2.21561E+12,0.00%
Lithuania,0,0,0,0.00%,0,0,0,13394,87587,84102736038,1.00%,7862.79,51416.91711,49371520972,772885,2838899,8.97494E+12,99.00%,778416.21,2859215.796,9.03917E+12,0,0,0,0.00%,0,0,0,0,0,0,0.00%,0,0,0,786279,2926486,9.05904E+12,786279,2910632.713,9.08854E+12,0.33%
Luxembourg,0,0,0,0.00%,0,0,0,91,565,571401297.6,0.00%,0,0,0,12984,78409,1.50774E+11,100.00%,13075,78958.53936,1.5183E+11,0,0,0,0.00%,0,0,0,0,0,0,0.00%,0,0,0,13075,78974,1.51345E+11,13075,78958.53936,1.5183E+11,0.32%
maldives,0,0,0,90.00%,453.6,0,6211309248,29,147,182094919,5.00%,25.2,127.737931,158234205.5,0,0,0,0.00%,0,0,0,0,0,0,0.00%,0,0,0,475,2170,3007629918,5.00%,25.2,115.1242105,159562682,504,2317,3189724837,504,242.8621416,6529106136,104.69%
Mali,646669,2112741,8.85507E+12,40.00%,716152.4,2339751.152,9.80653E+12,1128779,3624950,7.08776E+12,60.00%,1074228.6,3449767.371,6.74523E+12,8240,29185,95685023224,0.00%,0,0,0,6693,13906,83326701013,0.00%,0,0,0,0,0,0,0.00%,0,0,0,1790381,5780782,1.61218E+13,1790381,5789518.523,1.65518E+13,2.67%
Mauritania,29156,154875,3.99244E+11,60.00%,28849.8,153248.4832,3.95051E+11,15519,22539,97445898207,30.00%,14424.9,20949.98525,90575896452,3408,7349,39574582421,10.00%,4808.3,10368.60232,55835230239,0,0,0,0.00%,0,0,0,0,0,0,0.00%,0,0,0,48083,184763,5.36264E+11,48083,184567.0707,5.41462E+11,0.97%
Mexico,30115,189270,4.12376E+11,1.00%,78915.97,495979.5996,1.08062E+12,7122710,27169977,4.47245E+13,90.00%,7102437.3,27092645.65,4.45972E+13,541345,2943445,6.28624E+12,7.00%,552411.79,3003618.249,6.41475E+12,190628,324011,2.37329E+12,1.00%,78915.97,134133.7178,9.8249E+11,6799,205532,43050264869,1.00%,78915.97,2385609.229,4.99684E+11,7891597,30832235,5.38394E+13,7891597,33111986.44,5.35747E+13,-0.49%
Mongolia,0,0,0,0.00%,0,0,0,0,0,0,0.00%,0,0,0,342666,436115,3.97913E+12,100.00%,342666,436115,3.97913E+12,0,0,0,0.00%,0,0,0,0,0,0,0.00%,0,0,0,342666,436115,3.97913E+12,342666,436115,3.97913E+12,0.00%
myanmar,4472620,16953901,6.12452E+13,95.00%,4945957.45,18748132.63,6.77268E+13,516272,1983122,3.24174E+12,4.00%,208250.84,799940.3848,1.30764E+12,74142,134372,8.60956E+11,0.00%,0,0,0,143237,170985,1.78328E+12,1.00%,52062.71,62148.34484,6.48172E+11,0,0,0,0.00%,0,0,0,5206271,19242380,6.71312E+13,5206271,19610221.36,6.96826E+13,3.80%
namibia,0,0,0,0.00%,0,0,0,25172,59253,1.58058E+11,40.00%,27543.6,64835.56852,1.7295E+11,1149,6094,13342486855,2.00%,1377.18,7304.207937,15992172365,0,0,0,0.00%,0,0,0,42538,366414,2.69344E+11,58.00%,39938.22,344020.0043,2.52883E+11,68859,431761,4.40745E+11,68859,416159.7808,4.41825E+11,0.25%
Netherlands,0,0,0,0.00%,0,0,0,9425,84894,59180848676,10.00%,12112.2,109098.4729,76054140618,111697,985297,1.29705E+12,90.00%,109009.8,961592.7815,1.26585E+12,0,0,0,0.00%,0,0,0,0,0,0,0.00%,0,0,0,121122,1070191,1.35624E+12,121122,1070691.254,1.3419E+12,-1.06%
Nicaragua,46223,243455,6.32948E+11,19.00%,63334.6,333581.2267,8.67264E+11,282380,395226,1.7731E+12,80.00%,266672,373240.6965,1.67447E+12,0,0,0,0.00%,0,0,0,4000,10000,49799313320,1.00%,3333.4,8333.5,41500257755,737,2979,4666575262,0.00%,0,0,0,333340,651660,2.46052E+12,333340,715155.4232,2.58323E+12,4.99%
Pakistan,1874290,7205567,2.56653E+13,20.00%,2404589.2,9244262.408,3.29269E+13,1318104,6308897,8.27655E+12,10.00%,1202294.6,5754593.564,7.54937E+12,8797227,25076149,1.02156E+14,70.00%,8416062.2,23989653.75,9.77295E+13,29,30,361045021.6,0.00%,0,0,0,33296,527436,2.10825E+11,0.00%,0,0,0,12022946,39118079,1.36309E+14,12022946,38988509.73,1.38206E+14,1.39%
Papua New Guinea,272,567,3724594611,1.00%,274.85,572.9409926,3763620694,2723,14333,17098084981,9.00%,2473.65,13020.50145,15532382634,0,0,0,0.00%,0,0,0,0,0,0,0.00%,0,0,0,24490,356122,1.55067E+11,90.00%,24736.5,359706.4864,1.56628E+11,27485,371022,1.7589E+11,27485,373299.9289,1.75924E+11,0.02%
Paraguay,94714,596698,1.29695E+12,2.00%,102094.28,643193.7484,1.39801E+12,1070000,5344650,6.71867E+12,20.00%,1020942.8,5099609.286,6.41064E+12,430000,722400,4.99327E+12,8.00%,408377.12,686073.5616,4.74218E+12,3510000,11045971,4.36989E+13,70.00%,3573299.8,11245175.49,4.4487E+13,0,0,0,0.00%,0,0,0,5104714,17709719,5.67078E+13,5104714,17674052.08,5.70378E+13,0.58%
Peru,292111,2373119,3.99998E+12,30.00%,273520.2,2222086.753,3.74541E+12,456045,1569535,2.86357E+12,50.00%,455867,1568922.391,2.86245E+12,126638,195088,1.47055E+12,10.00%,91173.4,140454.1785,1.05873E+12,832,1530,10358257171,0.00%,0,0,0,36108,269368,2.28631E+11,10.00%,91173.4,680159.422,5.77297E+11,911734,4408640,8.57309E+12,911734,4611622.745,8.24389E+12,-3.84%
Philippines,3201871,12717085,4.38444E+13,95.00%,5435153.3,21587161.54,7.44255E+13,2511436,7771919,1.57696E+13,2.00%,114424.28,354098.7052,7.18486E+11,0,0,0,3.00%,171636.42,0,1.99309E+12,490,658,6100415882,0.00%,0,0,0,7417,15294,46963349688,0.00%,0,0,0,5721214,20504956,5.96671E+13,5721214,21941260.24,7.71371E+13,29.28%
Poland,0,0,0,0.00%,0,0,0,645405,3864028,4.05259E+12,20.00%,613615.8,3673706.638,3.85298E+12,2417227,9820315,2.80695E+13,80.00%,2454463.2,9971592.151,2.85019E+13,5447,10271,67814214914,0.00%,0,0,0,0,0,0,0.00%,0,0,0,3068079,13694614,3.21899E+13,3068079,13645298.79,3.23548E+13,0.51%
Portugal,19576,107152,2.68061E+11,30.00%,38987.1,213401.3966,5.33864E+11,83356,713860,5.23404E+11,50.00%,64978.5,556475.2628,4.08009E+11,27025,67749,3.13821E+11,20.00%,25991.4,65157.86711,3.01819E+11,0,0,0,0.00%,0,0,0,0,0,0,0.00%,0,0,0,129957,888761,1.10529E+12,129957,835034.5265,1.24369E+12,12.52%
Puerto Rico,88,124,1205015904,30.00%,129.6,182.6181818,1774659785,53,102,332794162.3,10.00%,43.2,83.13962264,271258638,0,0,0,0.00%,0,0,0,0,0,0,0.00%,0,0,0,291,3139,1842569066,60.00%,259.2,2795.975258,1641216157,432,3365,3380379131,432,3061.733062,3687134581,9.07%
Qatar,0,0,0,0.00%,0,0,0,149,1866,935591135.6,95.00%,147.25,1844.083893,924602649.1,6,15,69673560.6,5.00%,7.75,19.375,89995015.78,0,0,0,0.00%,0,0,0,0,0,0,0.00%,0,0,0,155,1881,1005264696,155,1863.458893,1014597665,0.93%
Republic of Korea,492028,3465356,6.73752E+12,90.00%,511178.4,3600232.376,6.99975E+12,15031,74368,94381680259,0.00%,0,0,0,10279,37577,1.19362E+11,5.00%,28398.8,103817.6581,3.29774E+11,50638,89410,6.30434E+11,5.00%,28398.8,50142.91062,3.5356E+11,0,0,0,0.00%,0,0,0,567976,3666711,7.5817E+12,567976,3754192.945,7.68309E+12,1.34%
Romania,5503,28918,75354574058,0.00%,0,0,0,2442563,18663939,1.53372E+13,50.00%,2364541,18067762.83,1.48473E+13,2112307,10143671,2.45287E+13,50.00%,2364541,11354943.18,2.74577E+13,168709,465609,2.1004E+12,0.00%,0,0,0,0,0,0,0.00%,0,0,0,4729082,29302137,4.20416E+13,4729082,29422706.02,4.23049E+13,0.63%
Russia,120178,692494,1.64564E+12,1.00%,317087.2,1827131.284,4.34199E+12,2375641,11419020,1.4917E+13,9.00%,2853784.8,13717319.12,1.79193E+13,26472051,72136149,3.074E+14,60.00%,19025232,51843620.67,2.20926E+14,2740850,4026850,3.41231E+13,20.00%,6341744,9317274.505,7.89536E+13,0,0,0,10.00%,3170872,0,2.00775E+13,31708720,88274513,3.58086E+14,31708720,76705345.57,3.42218E+14,-4.43%
Rwanda,22815,79994,3.12414E+11,10.00%,35311.9,123810.6565,4.83539E+11,295739,410280,1.85699E+12,80.00%,282495.2,391906.8187,1.77383E+12,10761,10875,1.2496E+11,5.00%,17655.95,17842.9938,2.05025E+11,23804,53061,2.96356E+11,5.00%,17655.95,39356.50995,2.19814E+11,0,0,0,0.00%,0,0,0,353119,554210,2.59071E+12,353119,572916.979,2.6822E+12,3.53%
Sao Tome and Principe,0,0,0,0.00%,0,0,0,462,941,2900960434,90.00%,462.6,942.2220779,2904727915,0,0,0,0.00%,0,0,0,0,0,0,0.00%,0,0,0,52,110,329256327.9,10.00%,51.4,108.7307692,325457216.4,514,1051,3230216762,514,1050.952847,3230185131,0.00%
Saudi Arabia,0,0,0,0.00%,0,0,0,2471,15394,15515742926,2.00%,1844.54,11491.23786,11582115927,89756,586413,1.04227E+12,98.00%,90382.46,590505.9218,1.04954E+12,0,0,0,0.00%,0,0,0,0,0,0,0.00%,0,0,0,92227,601807,1.05779E+12,92227,601997.1597,1.06113E+12,0.32%
Senegal,116142,508772,1.59037E+12,50.00%,147876,647786.0573,2.02492E+12,179610,264105,1.1278E+12,50.00%,147876,217442.1857,9.28533E+11,0,0,0,0.00%,0,0,0,0,0,0,0.00%,0,0,0,0,0,0,0.00%,0,0,0,295752,772877,2.71817E+12,295752,865228.2431,2.95345E+12,8.66%
Serbia,0,0,0,0.00%,0,0,0,901753,6964770,5.66223E+12,50.00%,870798.5,6725690.149,5.46786E+12,643083,2941601,7.46765E+12,40.00%,696638.8,3186576.835,8.08955E+12,196472,645607,2.44604E+12,10.00%,174159.7,572288.7813,2.16826E+12,289,6795,1829905361,0.00%,0,0,0,1741597,10558773,1.55777E+13,1741597,10484555.77,1.57257E+13,0.95%
Sierra leone,531168,613497,7.27348E+12,98.00%,531050.24,613360.9877,7.27186E+12,10720,22981,67312328679,2.00%,10837.76,23233.448,68051759633,0,0,0,0.00%,0,0,0,0,0,0,0.00%,0,0,0,0,0,0,0.00%,0,0,0,541888,636478,7.34079E+12,541888,636594.4357,7.33992E+12,-0.01%
Slovenia,0,0,0,0.00%,0,0,0,37079,350489,2.32824E+11,50.00%,33710,318643.55,2.1167E+11,27822,121901,3.23076E+11,50.00%,33710,147699.0407,3.91449E+11,1756,5331,21861898547,0.00%,0,0,0,763,12683,4831203426,0.00%,0,0,0,67420,490404,5.82593E+11,67420,466342.5907,6.03119E+11,3.52%
South Africa,723,2018,9900301116,0.00%,0,0,0,2318850,12510000,1.45604E+13,70.00%,2527086.1,13633416.18,1.58679E+13,503350,1868000,5.84503E+12,10.00%,361012.3,1339765.524,4.19217E+12,787200,1540000,9.8005E+12,20.00%,722024.6,1412497.312,8.98908E+12,0,0,0,0.00%,0,0,0,3610123,15920018,3.02158E+13,3610123,16385679.02,2.90492E+13,-3.86%
Spain,70043,539047,9.59124E+11,5.00%,122899.05,945824.1966,1.6829E+12,322373,3842519,2.02422E+12,15.00%,368697.15,4394678.848,2.3151E+12,2063683,7989906,2.3964E+13,80.00%,1966384.8,7613199.174,2.28342E+13,1481,4249,18438195757,0.00%,0,0,0,401,6606,2539072836,0.00%,0,0,0,2457981,12382327,2.69683E+13,2457981,12953702.22,2.68322E+13,-0.50%
Sri Lanka,694316,2621197,9.50752E+12,95.00%,728385.9,2749818.434,9.97405E+12,70895,270041,4.45159E+11,2.00%,15334.44,58409.30266,96287021026,0,0,0,3.00%,23001.66,0,2.67101E+11,1511,2500,18811690607,0.00%,0,0,0,0,0,0,0.00%,0,0,0,766722,2893738,9.97149E+12,766722,2808227.737,1.03374E+13,3.67%
Sudan,5726,20010,78408193904,10.00%,26709,93336.9001,3.65736E+11,35364,45000,2.22055E+11,10.00%,26709,33986.68137,1.67709E+11,226000,595000,2.62437E+12,80.00%,213672,562543.5398,2.48121E+12,0,0,0,0.00%,0,0,0,0,0,0,0.00%,0,0,0,267090,660010,2.92483E+12,267090,689867.1213,3.01466E+12,3.07%
Switzerland,0,0,0,0.00%,0,0,0,0,0,0,0.00%,0,0,0,88135,497250,1.02345E+12,98.00%,87961.86,496273.1592,1.02144E+12,1622,5206,20193621551,2.00%,1795.14,5761.713218,22349184828,0,0,0,0.00%,0,0,0,89757,502456,1.04364E+12,89757,502034.8724,1.04379E+12,0.01%
Syria,0,0,0,0.00%,0,0,0,39000,118000,2.44886E+11,5.00%,31956.5,96688.89744,2.00659E+11,600000,1200000,6.96736E+12,95.00%,607173.5,1214347,7.05066E+12,130,300,1618477683,0.00%,0,0,0,0,0,0,0.00%,0,0,0,639130,1318300,7.21386E+12,639130,1311035.897,7.25132E+12,0.52%
Togo,57899,97041,7.92832E+11,15.00%,116235.3,194814.932,1.59165E+12,715275,886630,4.49131E+12,85.00%,658666.7,816460.3212,4.13586E+12,0,0,0,0.00%,0,0,0,1559,3538,19409282366,0.00%,0,0,0,169,843,1070083066,0.00%,0,0,0,774902,988052,5.30462E+12,774902,1011275.253,5.72751E+12,7.97%
Turkey,80131,626980,1.09726E+12,1.00%,79931.45,625418.6335,1.09453E+12,591544,5700000,3.71438E+12,2.00%,159862.9,1540407.02,1.0038E+12,7288622,20000000,8.46374E+13,95.00%,7593487.75,20836552.51,8.81776E+13,32848,140000,4.08952E+11,1.00%,79931.45,340672.2784,9.95133E+11,0,0,0,1.00%,79931.45,0,5.06114E+11,7993145,26466980,8.9858E+13,7993145,23343050.44,9.17771E+13,2.14%
Uganda,62005,173944,8.49057E+11,5.00%,61865.55,173552.7978,8.47147E+11,1130966,2964017,7.10149E+12,90.00%,1113579.9,2918451.796,6.99232E+12,15340,23597,1.78132E+11,2.00%,24746.22,38066.26814,2.8736E+11,29000,48000,3.61045E+11,3.00%,37119.33,61438.89103,4.62129E+11,0,0,0,0.00%,0,0,0,1237311,3209558,8.48972E+12,1237311,3191509.753,8.58895E+12,1.17%
Ukraine,8404,46163,1.15079E+11,0.00%,0,0,0,4564200,35801050,2.86592E+13,30.00%,3876271.2,30405017.1,2.43396E+13,6619600,24652840,7.68685E+13,60.00%,7752542.4,28872165.6,9.00245E+13,1728700,4460770,2.1522E+13,10.00%,1292090.4,3334134.375,1.60863E+13,0,0,0,0.00%,0,0,0,12920904,64960823,1.27165E+14,12920904,62611317.07,1.3045E+14,2.58%
United Arab emirates,0,0,0,0.00%,0,0,0,314,8942,1971648433,100.00%,314,8942,1971648433,0,0,0,0.00%,0,0,0,0,0,0,0.00%,0,0,0,0,0,0,0.00%,0,0,0,314,8942,1971648433,314,8942,1971648433,0.00%
United States,786840,6783417,1.07745E+13,5.00%,4283928.25,36932123.07,5.86614E+13,33079360,392450840,2.0771E+14,20.00%,17135713,203296707.1,1.07597E+14,16027750,51286540,1.86118E+14,30.00%,25703569.5,82247798.06,2.98477E+14,35657240,123664230,4.43927E+14,30.00%,25703569.5,89143526.83,3.20005E+14,127375,910476,8.0652E+11,15.00%,12851784.75,91864506.94,8.13756E+13,85678565,575095503,8.49336E+14,85678565,503484662,8.66116E+14,1.98%
Uruguay,106720,907120,1.46136E+12,10.00%,149872,1273912,2.05225E+12,107000,816000,6.71867E+11,10.00%,149872,1142949.084,9.41067E+11,186000,440000,2.15988E+12,10.00%,149872,354535.914,1.74035E+12,1099000,1334000,1.36824E+13,70.00%,1049104,1273434.701,1.30612E+13,0,0,0,0.00%,0,0,0,1498720,3497120,1.79755E+13,1498720,4044831.699,1.77948E+13,-1.00%
venezuela,79380,329864,1.08698E+12,30.00%,149277.3,620322.5912,2.04411E+12,407460,1318418,2.5585E+12,70.00%,348313.7,1127038.364,2.18711E+12,49,144,569000744.9,0.00%,0,0,0,6000,6000,74698969980,0.00%,0,0,0,4702,65940,29772370262,0.00%,0,0,0,497591,1720366,3.75052E+12,497591,1747360.955,4.23122E+12,12.82%
Viet Nam,5049684,29378848,6.91472E+13,95.00%,5828863.7,33912082.55,7.98167E+13,1032598,4874054,6.48382E+12,2.00%,122712.92,579227.7329,7.70531E+11,0,0,0,3.00%,184069.38,0,2.13746E+12,53364,81348,6.64373E+11,0.00%,0,0,0,0,0,0,0.00%,0,0,0,6135646,34334250,7.62953E+13,6135646,34491310.28,8.27247E+13,8.43%
Zambia,20208,28723,2.76715E+11,5.00%,65990.95,93797.40978,9.03638E+11,1086006,2394907,6.81918E+12,80.00%,1055855.2,2328417.163,6.62986E+12,21675,114463,2.51696E+11,2.00%,26396.38,139396.0251,3.06522E+11,191930,302720,2.3895E+12,13.00%,171576.47,270617.5637,2.1361E+12,0,0,0,0.00%,0,0,0,1319819,2840813,9.73709E+12,1319819,2832228.162,9.97611E+12,2.45%
Zimbabwe,223,504,3053619846,0.00%,0,0,0,730437,1191425,4.58651E+12,90.00%,730362.6,1191303.645,4.58605E+12,20734,41488,2.40769E+11,5.00%,40575.7,81190.53929,4.71176E+11,60000,90000,7.4699E+11,5.00%,40575.7,60863.55,5.0516E+11,120,1200,759822295.1,0.00%,0,0,0,811514,1324617,5.57808E+12,811514,1333357.735,5.56238E+12,-0.28%
